<?xml version="1.0" encoding="utf-8" ?>
<Defs>

    <CommunityCoreLibrary.ModHelperDef>
        <defName>MountainTemp</defName>

        <ModName>ESM - Mountain Temp</ModName>

        <minCCLVersion>0.14.0</minCCLVersion>

        <ModConfigurationMenus>
            <li>
                <label>Mountain Temp</label>
                <mcmClass>esm.MCM_MountainTemp</mcmClass>
            </li>
        </ModConfigurationMenus>

        <MapComponents>
            <li>esm.MountainTemp</li>
        </MapComponents>

    </CommunityCoreLibrary.ModHelperDef>

</Defs>